Time,Is,D
0,9.28E+00,190.074
0.146,9.39E+00,190.0879
0.292,9.49E+00,190.1019
0.438,9.60E+00,190.1161
0.584,9.71E+00,190.1304
0.73,9.81E+00,190.1449
0.876,9.92E+00,190.1596
1.022,10.0229,190.1744
1.168,10.1267,190.1894
1.314,10.2299,190.2045
1.46,10.3322,190.2198
1.606,10.4336,190.2352
1.752,10.5342,190.2508
1.898,10.6338,190.2665
2.044,10.7324,190.2824
2.19,10.83,190.2984
2.336,10.9265,190.3145
2.482,11.022,190.3308
2.628,11.1163,190.3473
2.774,11.2095,190.3639
2.92,11.3016,190.3806
3.066,11.3925,190.3974
3.212,11.4822,190.4144
3.358,11.5707,190.4316
3.504,11.6579,190.4488
3.65,11.744,190.4662
3.796,11.8288,190.4837
3.942,11.9123,190.5013
4.088,11.9946,190.5191
4.234,12.0757,190.537
4.38,12.1555,190.555
4.526,12.234,190.5731
4.672,12.3112,190.5913
4.818,12.3872,190.6097
4.964,12.4619,190.6281
5.11,12.5354,190.6467
5.256,12.6075,190.6654
5.402,12.6785,190.6842
5.548,12.7482,190.7031
5.694,12.8166,190.722
5.84,12.8838,190.7411
5.986,12.9497,190.7603
6.132,13.0145,190.7796
6.278,13.078,190.799
6.424,13.1403,190.8185
6.57,13.2014,190.838
6.716,13.2613,190.8577
6.862,13.32,190.8774
7.008,13.3775,190.8973
7.154,13.4339,190.9172
7.3,13.4891,190.9372
7.446,13.5432,190.9573
7.592,13.5961,190.9774
7.738,13.6479,190.9977
7.884,13.6986,191.018
8.03,13.7483,191.0384
8.176,13.7968,191.0588
8.322,13.8443,191.0794
8.468,13.8906,191.1
8.614,13.936,191.1206
8.76,13.9803,191.1414
8.906,14.0236,191.1622
9.052,14.0659,191.183
9.198,14.1071,191.204
9.344,14.1474,191.225
9.49,14.1868,191.246
9.636,14.2251,191.2671
9.782,14.2625,191.2883
9.928,14.299,191.3095
10.074,14.3345,191.3308
10.22,14.3692,191.3521
10.366,14.4029,191.3735
10.512,14.4358,191.3949
10.658,14.4678,191.4163
10.804,14.4989,191.4379
10.95,14.5292,191.4594
11.096,14.5586,191.481
11.242,14.5872,191.5027
11.388,14.615,191.5244
11.534,14.642,191.5461
11.68,14.6683,191.5679
11.826,14.6937,191.5897
11.972,14.7184,191.6115
12.118,14.7423,191.6334
12.264,14.7655,191.6553
12.41,14.788,191.6773
12.556,14.8097,191.6993
12.702,14.8308,191.7213
12.848,14.8511,191.7434
12.994,14.8708,191.7654
13.14,14.8898,191.7875
13.286,14.9081,191.8097
13.432,14.9258,191.8318
13.578,14.9429,191.854
13.724,14.9593,191.8762
13.87,14.9751,191.8985
14.016,14.9903,191.9207
14.162,15.0049,191.943
14.308,15.0189,191.9653
14.454,15.0323,191.9876
14.6,15.0452,192.01
14.746,15.0575,192.0323
14.892,15.0693,192.0547
15.038,15.0805,192.0771
15.184,15.0912,192.0995
15.33,15.1013,192.122
15.476,15.111,192.1444
15.622,15.1201,192.1669
15.768,15.1288,192.1893
15.914,15.137,192.2118
16.06,15.1447,192.2343
16.206,15.1519,192.2568
16.352,15.1587,192.2793
16.498,15.165,192.3018
16.644,15.1709,192.3244
16.79,15.1763,192.3469
16.936,15.1813,192.3695
17.082,15.1859,192.392
17.228,15.1901,192.4146
17.374,15.1939,192.4372
17.52,15.1973,192.4597
17.666,15.2003,192.4823
17.812,15.2029,192.5049
17.958,15.2052,192.5275
18.104,15.2071,192.5501
18.25,15.2086,192.5727
18.396,15.2097,192.5953
18.542,15.2106,192.6179
18.688,15.211,192.6405
18.834,15.2112,192.6631
18.98,15.211,192.6857
19.126,15.2105,192.7083
19.272,15.2097,192.7309
19.418,15.2086,192.7535
19.564,15.2072,192.7761
19.71,15.2054,192.7986
19.856,15.2034,192.8212
20.002,15.2011,192.8438
20.148,15.1986,192.8664
20.294,15.1957,192.889
20.44,15.1926,192.9116
20.586,15.1893,192.9341
20.732,15.1856,192.9567
20.878,15.1818,192.9792
21.024,15.1776,193.0018
21.17,15.1733,193.0243
21.316,15.1687,193.0469
21.462,15.1639,193.0694
21.608,15.1588,193.0919
21.754,15.1535,193.1145
21.9,15.148,193.137
22.046,15.1423,193.1595
22.192,15.1364,193.182
22.338,15.1303,193.2044
22.484,15.124,193.2269
22.63,15.1175,193.2494
22.776,15.1108,193.2718
22.922,15.104,193.2943
23.068,15.0969,193.3167
23.214,15.0897,193.3391
23.36,15.0823,193.3615
23.506,15.0747,193.3839
23.652,15.067,193.4063
23.798,15.0591,193.4287
23.944,15.051,193.4511
24.09,15.0428,193.4734
24.236,15.0344,193.4958
24.382,15.0259,193.5181
24.528,15.0173,193.5404
24.674,15.0085,193.5627
24.82,14.9996,193.585
24.966,14.9905,193.6073
25.112,14.9814,193.6296
25.258,14.9721,193.6518
25.404,14.9626,193.674
25.55,14.9531,193.6963
25.696,14.9434,193.7185
25.842,14.9336,193.7407
25.988,14.9238,193.7629
26.134,14.9138,193.785
26.28,14.9037,193.8072
26.426,14.8935,193.8293
26.572,14.8832,193.8514
26.718,14.8728,193.8735
26.864,14.8623,193.8956
27.01,14.8517,193.9177
27.156,14.841,193.9397
27.302,14.8303,193.9618
27.448,14.8194,193.9838
27.594,14.8085,194.0058
27.74,14.7975,194.0278
27.886,14.7865,194.0498
28.032,14.7753,194.0717
28.178,14.7641,194.0937
28.324,14.7528,194.1156
28.47,14.7415,194.1375
28.616,14.73,194.1594
28.762,14.7186,194.1813
28.908,14.707,194.2031
29.054,14.6954,194.225
29.2,14.6838,194.2468
29.346,14.6721,194.2686
29.492,14.6603,194.2904
29.638,14.6485,194.3122
29.784,14.6367,194.3339
29.93,14.6248,194.3557
30.076,14.6128,194.3774
30.222,14.6008,194.3991
30.368,14.5888,194.4208
30.514,14.5767,194.4424
30.66,14.5646,194.4641
30.806,14.5525,194.4857
30.952,14.5403,194.5073
31.098,14.5281,194.5289
31.244,14.5159,194.5505
31.39,14.5036,194.572
31.536,14.4913,194.5936
31.682,14.479,194.6151
31.828,14.4667,194.6366
31.974,14.4543,194.6581
32.12,14.4419,194.6796
32.266,14.4295,194.701
32.412,14.4171,194.7224
32.558,14.4046,194.7438
32.704,14.3922,194.7652
32.85,14.3797,194.7866
32.996,14.3672,194.808
33.142,14.3547,194.8293
33.288,14.3422,194.8506
33.434,14.3297,194.8719
33.58,14.3172,194.8932
33.726,14.3046,194.9144
33.872,14.2921,194.9357
34.018,14.2795,194.9569
34.164,14.267,194.9781
34.31,14.2544,194.9993
34.456,14.2419,195.0205
34.602,14.2293,195.0416
34.748,14.2168,195.0628
34.894,14.2042,195.0839
35.04,14.1916,195.105
35.186,14.1791,195.126
35.332,14.1665,195.1471
35.478,14.154,195.1681
35.624,14.1415,195.1891
35.77,14.1289,195.2101
35.916,14.1164,195.2311
36.062,14.1039,195.2521
36.208,14.0914,195.273
36.354,14.0789,195.294
36.5,14.0664,195.3149
36.646,14.054,195.3358
36.792,14.0415,195.3566
36.938,14.0291,195.3775
37.084,14.0166,195.3983
37.23,14.0042,195.4191
37.376,13.9918,195.4399
37.522,13.9795,195.4607
37.668,13.9671,195.4815
37.814,13.9548,195.5022
37.96,13.9424,195.5229
38.106,13.9301,195.5436
38.252,13.9178,195.5643
38.398,13.9056,195.585
38.544,13.8933,195.6056
38.69,13.8811,195.6263
38.836,13.8689,195.6469
38.982,13.8567,195.6675
39.128,13.8446,195.6881
39.274,13.8324,195.7086
39.42,13.8203,195.7292
39.566,13.8083,195.7497
39.712,13.7962,195.7702
39.858,13.7842,195.7907
40.004,13.7722,195.8111
40.15,13.7602,195.8316
40.296,13.7483,195.852
40.442,13.7364,195.8724
40.588,13.7245,195.8928
40.734,13.7126,195.9132
40.88,13.7008,195.9336
41.026,13.689,195.9539
41.172,13.6772,195.9743
41.318,13.6655,195.9946
41.464,13.6538,196.0149
41.61,13.6421,196.0351
41.756,13.6305,196.0554
41.902,13.6189,196.0756
42.048,13.6073,196.0959
42.194,13.5958,196.1161
42.34,13.5843,196.1363
42.486,13.5728,196.1564
42.632,13.5613,196.1766
42.778,13.5499,196.1967
42.924,13.5386,196.2169
43.07,13.5272,196.237
43.216,13.516,196.257
43.362,13.5047,196.2771
43.508,13.4935,196.2972
43.654,13.4823,196.3172
43.8,13.4711,196.3372
43.946,13.46,196.3572
44.092,13.449,196.3772
44.238,13.4379,196.3972
44.384,13.4269,196.4172
44.53,13.416,196.4371
44.676,13.405,196.457
44.822,13.3942,196.4769
44.968,13.3833,196.4968
45.114,13.3725,196.5167
45.26,13.3618,196.5366
45.406,13.351,196.5564
45.552,13.3404,196.5762
45.698,13.3297,196.596
45.844,13.3191,196.6158
45.99,13.3085,196.6356
46.136,13.298,196.6554
46.282,13.2875,196.6751
46.428,13.2771,196.6949
46.574,13.2667,196.7146
46.72,13.2564,196.7343
46.866,13.2461,196.754
47.012,13.2358,196.7736
47.158,13.2256,196.7933
47.304,13.2154,196.8129
47.45,13.2052,196.8326
47.596,13.1951,196.8522
47.742,13.1851,196.8718
47.888,13.1751,196.8913
48.034,13.1651,196.9109
48.18,13.1552,196.9305
48.326,13.1453,196.95
48.472,13.1354,196.9695
48.618,13.1256,196.989
48.764,13.1159,197.0085
48.91,13.1062,197.028
49.056,13.0965,197.0475
49.202,13.0869,197.0669
49.348,13.0773,197.0863
49.494,13.0678,197.1058
49.64,13.0583,197.1252
49.786,13.0488,197.1446
49.932,13.0394,197.1639
50.078,13.0301,197.1833
50.224,13.0208,197.2027
50.37,13.0115,197.222
50.516,13.0023,197.2413
50.662,12.9931,197.2606
50.808,12.984,197.2799
50.954,12.9749,197.2992
51.1,12.9659,197.3185
51.246,12.9569,197.3377
51.392,12.9479,197.357
51.538,12.939,197.3762
51.684,12.9302,197.3954
51.83,12.9214,197.4146
51.976,12.9126,197.4338
52.122,12.9039,197.453
52.268,12.8952,197.4722
52.414,12.8866,197.4913
52.56,12.878,197.5105
52.706,12.8695,197.5296
52.852,12.861,197.5487
52.998,12.8525,197.5678
53.144,12.8441,197.5869
53.29,12.8358,197.606
53.436,12.8275,197.625
53.582,12.8192,197.6441
53.728,12.811,197.6631
53.874,12.8028,197.6821
54.02,12.7947,197.7012
54.166,12.7866,197.7202
54.312,12.7786,197.7392
54.458,12.7706,197.7581
54.604,12.7627,197.7771
54.75,12.7548,197.7961
54.896,12.747,197.815
55.042,12.7392,197.8339
55.188,12.7314,197.8528
55.334,12.7237,197.8718
55.48,12.7161,197.8907
55.626,12.7085,197.9095
55.772,12.7009,197.9284
55.918,12.6934,197.9473
56.064,12.6859,197.9661
56.21,12.6785,197.985
56.356,12.6711,198.0038
56.502,12.6638,198.0226
56.648,12.6565,198.0414
56.794,12.6493,198.0602
56.94,12.6421,198.079
57.086,12.6349,198.0978
57.232,12.6278,198.1166
57.378,12.6208,198.1353
57.524,12.6138,198.1541
57.67,12.6068,198.1728
57.816,12.5999,198.1915
57.962,12.593,198.2102
58.108,12.5862,198.2289
58.254,12.5794,198.2476
58.4,12.5727,198.2663
58.546,12.566,198.285
58.692,12.5594,198.3037
58.838,12.5528,198.3223
58.984,12.5463,198.3409
59.13,12.5398,198.3596
59.276,12.5333,198.3782
59.422,12.5269,198.3968
59.568,12.5206,198.4154
59.714,12.5143,198.434
59.86,12.508,198.4526
60.006,12.5018,198.4712
60.152,12.4956,198.4898
60.298,12.4895,198.5083
60.444,12.4834,198.5269
60.59,12.4774,198.5454
60.736,12.4714,198.5639
60.882,12.4655,198.5825
61.028,12.4596,198.601
61.174,12.4537,198.6195
61.32,12.448,198.638
61.466,12.4422,198.6565
61.612,12.4365,198.675
61.758,12.4308,198.6934
61.904,12.4252,198.7119
62.05,12.4196,198.7304
62.196,12.4141,198.7488
62.342,12.4086,198.7672
62.488,12.4032,198.7857
62.634,12.3978,198.8041
62.78,12.3925,198.8225
62.926,12.3872,198.8409
63.072,12.382,198.8593
63.218,12.3767,198.8777
63.364,12.3716,198.8961
63.51,12.3665,198.9145
63.656,12.3614,198.9328
63.802,12.3564,198.9512
63.948,12.3514,198.9695
64.094,12.3465,198.9879
64.24,12.3416,199.0062
64.386,12.3368,199.0246
64.532,12.332,199.0429
64.678,12.3272,199.0612
64.824,12.3225,199.0795
64.97,12.3179,199.0978
65.116,12.3133,199.1161
65.262,12.3087,199.1344
65.408,12.3042,199.1527
65.554,12.2997,199.171
65.7,12.2953,199.1892
65.846,12.2909,199.2075
65.992,12.2866,199.2258
66.138,12.2823,199.244
66.284,12.278,199.2623
66.43,12.2738,199.2805
66.576,12.2697,199.2987
66.722,12.2656,199.3169
66.868,12.2615,199.3352
67.014,12.2575,199.3534
67.16,12.2535,199.3716
67.306,12.2496,199.3898
67.452,12.2457,199.408
67.598,12.2418,199.4262
67.744,12.238,199.4444
67.89,12.2343,199.4625
68.036,12.2306,199.4807
68.182,12.2269,199.4989
68.328,12.2233,199.517
68.474,12.2197,199.5352
68.62,12.2162,199.5534
68.766,12.2127,199.5715
68.912,12.2093,199.5896
69.058,12.2059,199.6078
69.204,12.2025,199.6259
69.35,12.1992,199.644
69.496,12.196,199.6622
69.642,12.1927,199.6803
69.788,12.1896,199.6984
69.934,12.1864,199.7165
70.08,12.1834,199.7346
70.226,12.1803,199.7527
70.372,12.1773,199.7708
70.518,12.1744,199.7889
70.664,12.1715,199.807
70.81,12.1686,199.825
70.956,12.1658,199.8431
71.102,12.163,199.8612
71.248,12.1603,199.8793
71.394,12.1576,199.8973
71.54,12.1549,199.9154
71.686,12.1523,199.9334
71.832,12.1498,199.9515
71.978,12.1473,199.9695
72.124,12.1448,199.9876
72.27,12.1424,200.0056
72.416,12.14,200.0237
72.562,12.1376,200.0417
72.708,12.1354,200.0597
72.854,12.1331,200.0778
73,12.1309,200.0958
73.146,12.1287,200.1138
73.292,12.1266,200.1318
73.438,12.1245,200.1498
73.584,12.1225,200.1678
73.73,12.1205,200.1859
73.876,12.1186,200.2039
74.022,12.1167,200.2219
74.168,12.1148,200.2399
74.314,12.113,200.2579
74.46,12.1112,200.2758
74.606,12.1095,200.2938
74.752,12.1078,200.3118
74.898,12.1062,200.3298
75.044,12.1046,200.3478
75.19,12.103,200.3658
75.336,12.1015,200.3838
75.482,12.1,200.4017
75.628,12.0986,200.4197
75.774,12.0972,200.4377
75.92,12.0959,200.4557
76.066,12.0946,200.4736
76.212,12.0933,200.4916
76.358,12.0921,200.5096
76.504,12.091,200.5275
76.65,12.0898,200.5455
76.796,12.0888,200.5635
76.942,12.0877,200.5814
77.088,12.0867,200.5994
77.234,12.0858,200.6173
77.38,12.0849,200.6353
77.526,12.084,200.6532
77.672,12.0832,200.6712
77.818,12.0824,200.6891
77.964,12.0817,200.7071
78.11,12.081,200.725
78.256,12.0803,200.743
78.402,12.0797,200.7609
78.548,12.0791,200.7789
78.694,12.0786,200.7968
78.84,12.0781,200.8148
78.986,12.0777,200.8327
79.132,12.0773,200.8507
79.278,12.0769,200.8686
79.424,12.0766,200.8865
79.57,12.0764,200.9045
79.716,12.0761,200.9224
79.862,12.0759,200.9404
80.008,12.0758,200.9583
80.154,12.0757,200.9762
80.3,12.0757,200.9942
80.446,12.0756,201.0121
80.592,12.0757,201.0301
80.738,12.0757,201.048
80.884,12.0759,201.0659
81.03,12.076,201.0839
81.176,12.0762,201.1018
81.322,12.0764,201.1198
81.468,12.0767,201.1377
81.614,12.0771,201.1556
81.76,12.0774,201.1736
81.906,12.0778,201.1915
82.052,12.0783,201.2095
82.198,12.0788,201.2274
82.344,12.0793,201.2454
82.49,12.0799,201.2633
82.636,12.0805,201.2813
82.782,12.0812,201.2992
82.928,12.0819,201.3172
83.074,12.0826,201.3351
83.22,12.0834,201.3531
83.366,12.0843,201.371
83.512,12.0851,201.389
83.658,12.0861,201.4069
83.804,12.087,201.4249
83.95,12.088,201.4428
84.096,12.0891,201.4608
84.242,12.0901,201.4788
84.388,12.0913,201.4967
84.534,12.0924,201.5147
84.68,12.0937,201.5327
84.826,12.0949,201.5506
84.972,12.0962,201.5686
85.118,12.0975,201.5866
85.264,12.0989,201.6045
85.41,12.1003,201.6225
85.556,12.1018,201.6405
85.702,12.1033,201.6585
85.848,12.1049,201.6765
85.994,12.1065,201.6944
86.14,12.1081,201.7124
86.286,12.1098,201.7304
86.432,12.1115,201.7484
86.578,12.1132,201.7664
86.724,12.115,201.7844
86.87,12.1169,201.8024
87.016,12.1188,201.8204
87.162,12.1207,201.8384
87.308,12.1227,201.8564
87.454,12.1247,201.8744
87.6,12.1267,201.8924
87.746,12.1288,201.9105
87.892,12.131,201.9285
88.038,12.1332,201.9465
88.184,12.1354,201.9645
88.33,12.1376,201.9826
88.476,12.14,202.0006
88.622,12.1423,202.0186
88.768,12.1447,202.0367
88.914,12.1471,202.0547
89.06,12.1496,202.0728
89.206,12.1521,202.0908
89.352,12.1547,202.1089
89.498,12.1573,202.1269
89.644,12.1599,202.145
89.79,12.1626,202.1631
89.936,12.1653,202.1811
90.082,12.1681,202.1992
90.228,12.1709,202.2173
90.374,12.1738,202.2354
90.52,12.1767,202.2535
90.666,12.1796,202.2716
90.812,12.1826,202.2897
90.958,12.1856,202.3078
91.104,12.1887,202.3259
91.25,12.1918,202.344
91.396,12.1949,202.3621
91.542,12.1981,202.3802
91.688,12.2014,202.3983
91.834,12.2047,202.4165
91.98,12.208,202.4346
92.126,12.2113,202.4527
92.272,12.2147,202.4709
92.418,12.2182,202.489
92.564,12.2217,202.5072
92.71,12.2252,202.5253
92.856,12.2288,202.5435
93.002,12.2324,202.5617
93.148,12.2361,202.5799
93.294,12.2398,202.598
93.44,12.2435,202.6162
93.586,12.2473,202.6344
93.732,12.2511,202.6526
93.878,12.255,202.6708
94.024,12.2589,202.689
94.17,12.2629,202.7072
94.316,12.2668,202.7255
94.462,12.2709,202.7437
94.608,12.275,202.7619
94.754,12.2791,202.7802
94.9,12.2833,202.7984
95.046,12.2875,202.8167
95.192,12.2917,202.8349
95.338,12.296,202.8532
95.484,12.3004,202.8715
95.63,12.3048,202.8897
95.776,12.3092,202.908
95.922,12.3136,202.9263
96.068,12.3182,202.9446
96.214,12.3227,202.9629
96.36,12.3273,202.9812
96.506,12.3319,202.9995
96.652,12.3366,203.0179
96.798,12.3413,203.0362
96.944,12.3461,203.0545
97.09,12.3509,203.0729
97.236,12.3558,203.0912
97.382,12.3607,203.1096
97.528,12.3656,203.128
97.674,12.3706,203.1463
97.82,12.3756,203.1647
97.966,12.3807,203.1831
98.112,12.3858,203.2015
98.258,12.391,203.2199
98.404,12.3962,203.2383
98.55,12.4014,203.2567
98.696,12.4067,203.2752
98.842,12.412,203.2936
98.988,12.4174,203.3121
99.134,12.4228,203.3305
99.28,12.4283,203.349
99.426,12.4338,203.3674
99.572,12.4393,203.3859
99.718,12.4449,203.4044
99.864,12.4505,203.4229
100.01,12.4562,203.4414
100.156,12.4619,203.4599
100.302,12.4677,203.4784
100.448,12.4735,203.4969
100.594,12.4793,203.5155
100.74,12.4852,203.534
100.886,12.4912,203.5526
101.032,12.4971,203.5711
101.178,12.5032,203.5897
101.324,12.5092,203.6083
101.47,12.5153,203.6269
101.616,12.5215,203.6455
101.762,12.5277,203.6641
101.908,12.5339,203.6827
102.054,12.5402,203.7013
102.2,12.5466,203.72
102.346,12.5529,203.7386
102.492,12.5594,203.7573
102.638,12.5658,203.7759
102.784,12.5723,203.7946
102.93,12.5789,203.8133
103.076,12.5855,203.832
103.222,12.5921,203.8507
103.368,12.5988,203.8694
103.514,12.6056,203.8881
103.66,12.6123,203.9068
103.806,12.6191,203.9256
103.952,12.626,203.9443
104.098,12.6329,203.9631
104.244,12.6399,203.9819
104.39,12.6469,204.0007
104.536,12.6539,204.0195
104.682,12.661,204.0383
104.828,12.6681,204.0571
104.974,12.6753,204.0759
105.12,12.6825,204.0947
105.266,12.6898,204.1136
105.412,12.6971,204.1324
105.558,12.7045,204.1513
105.704,12.7119,204.1702
105.85,12.7193,204.1891
105.996,12.7268,204.208
106.142,12.7344,204.2269
106.288,12.742,204.2458
106.434,12.7496,204.2648
106.58,12.7573,204.2837
106.726,12.765,204.3027
106.872,12.7727,204.3216
107.018,12.7806,204.3406
107.164,12.7884,204.3596
107.31,12.7963,204.3786
107.456,12.8043,204.3976
107.602,12.8123,204.4167
107.748,12.8203,204.4357
107.894,12.8284,204.4548
108.04,12.8365,204.4738
108.186,12.8447,204.4929
108.332,12.8529,204.512
108.478,12.8612,204.5311
108.624,12.8695,204.5502
108.77,12.8779,204.5693
108.916,12.8863,204.5885
109.062,12.8948,204.6076
109.208,12.9033,204.6268
109.354,12.9118,204.646
109.5,12.9204,204.6651
109.646,12.929,204.6843
109.792,12.9377,204.7036
109.938,12.9465,204.7228
110.084,12.9553,204.742
110.23,12.9641,204.7613
110.376,12.973,204.7805
110.522,12.9819,204.7998
110.668,12.9909,204.8191
110.814,12.9999,204.8384
110.96,13.0089,204.8577
111.106,13.0181,204.8771
111.252,13.0272,204.8964
111.398,13.0364,204.9158
111.544,13.0457,204.9352
111.69,13.055,204.9546
111.836,13.0643,204.974
111.982,13.0737,204.9934
112.128,13.0832,205.0128
112.274,13.0927,205.0322
112.42,13.1022,205.0517
112.566,13.1118,205.0712
112.712,13.1214,205.0907
112.858,13.1311,205.1102
113.004,13.1408,205.1297
113.15,13.1506,205.1492
113.296,13.1605,205.1688
113.442,13.1703,205.1883
113.588,13.1803,205.2079
113.734,13.1902,205.2275
113.88,13.2003,205.2471
114.026,13.2103,205.2667
114.172,13.2205,205.2863
114.318,13.2306,205.306
114.464,13.2408,205.3256
114.61,13.2511,205.3453
114.756,13.2614,205.365
114.902,13.2718,205.3847
115.048,13.2822,205.4045
115.194,13.2927,205.4242
115.34,13.3032,205.444
115.486,13.3138,205.4637
115.632,13.3244,205.4835
115.778,13.335,205.5033
115.924,13.3457,205.5231
116.07,13.3565,205.543
116.216,13.3673,205.5628
116.362,13.3782,205.5827
116.508,13.3891,205.6026
116.654,13.4,205.6225
116.8,13.4111,205.6424
116.946,13.4221,205.6623
117.092,13.4332,205.6823
117.238,13.4444,205.7022
117.384,13.4556,205.7222
117.53,13.4669,205.7422
117.676,13.4782,205.7622
117.822,13.4895,205.7823
117.968,13.501,205.8023
118.114,13.5124,205.8224
118.26,13.5239,205.8425
118.406,13.5355,205.8626
118.552,13.5471,205.8827
118.698,13.5588,205.9028
118.844,13.5705,205.923
118.99,13.5823,205.9431
119.136,13.5941,205.9633
119.282,13.606,205.9835
119.428,13.6179,206.0038
119.574,13.6299,206.024
119.72,13.6419,206.0443
119.866,13.654,206.0645
120.012,13.6662,206.0848
120.158,13.6784,206.1051
120.304,13.6906,206.1255
120.45,13.7029,206.1458
120.596,13.7152,206.1662
120.742,13.7276,206.1866
120.888,13.7401,206.207
121.034,13.7526,206.2274
121.18,13.7651,206.2478
121.326,13.7778,206.2683
121.472,13.7904,206.2888
121.618,13.8031,206.3093
121.764,13.8159,206.3298
121.91,13.8287,206.3503
122.056,13.8416,206.3709
122.202,13.8545,206.3914
122.348,13.8675,206.412
122.494,13.8805,206.4327
122.64,13.8936,206.4533
122.786,13.9068,206.4739
122.932,13.92,206.4946
123.078,13.9332,206.5153
123.224,13.9465,206.536
123.37,13.9599,206.5567
123.516,13.9733,206.5775
123.662,13.9868,206.5983
123.808,14.0003,206.619
123.954,14.0139,206.6399
124.1,14.0275,206.6607
124.246,14.0412,206.6815
124.392,14.0549,206.7024
124.538,14.0687,206.7233
124.684,14.0826,206.7442
124.83,14.0965,206.7651
124.976,14.1105,206.7861
125.122,14.1245,206.8071
125.268,14.1386,206.8281
125.414,14.1527,206.8491
125.56,14.1669,206.8701
125.706,14.1811,206.8912
125.852,14.1954,206.9123
125.998,14.2098,206.9334
126.144,14.2242,206.9545
126.29,14.2387,206.9756
126.436,14.2532,206.9968
126.582,14.2678,207.018
126.728,14.2824,207.0392
126.874,14.2971,207.0604
127.02,14.3119,207.0817
127.166,14.3267,207.1029
127.312,14.3416,207.1242
127.458,14.3565,207.1455
127.604,14.3715,207.1669
127.75,14.3865,207.1882
127.896,14.4016,207.2096
128.042,14.4168,207.231
128.188,14.432,207.2525
128.334,14.4472,207.2739
128.48,14.4626,207.2954
128.626,14.478,207.3169
128.772,14.4934,207.3384
128.918,14.5089,207.36
129.064,14.5245,207.3815
129.21,14.5401,207.4031
129.356,14.5558,207.4247
129.502,14.5715,207.4464
129.648,14.5873,207.468
129.794,14.6032,207.4897
129.94,14.6191,207.5114
130.086,14.6351,207.5331
130.232,14.6512,207.5549
130.378,14.6673,207.5767
130.524,14.6834,207.5985
130.67,14.6996,207.6203
130.816,14.7159,207.6422
130.962,14.7323,207.664
131.108,14.7487,207.6859
131.254,14.7651,207.7079
131.4,14.7816,207.7298
131.546,14.7982,207.7518
131.692,14.8149,207.7738
131.838,14.8316,207.7958
131.984,14.8484,207.8178
132.13,14.8652,207.8399
132.276,14.8821,207.862
132.422,14.899,207.8841
132.568,14.916,207.9063
132.714,14.9331,207.9285
132.86,14.9503,207.9507
133.006,14.9675,207.9729
133.152,14.9847,207.9951
133.298,15.0021,208.0174
133.444,15.0194,208.0397
133.59,15.0369,208.062
133.736,15.0544,208.0844
133.882,15.072,208.1068
134.028,15.0896,208.1292
134.174,15.1073,208.1516
134.32,15.1251,208.1741
134.466,15.1429,208.1965
134.612,15.1608,208.2191
134.758,15.1788,208.2416
134.904,15.1968,208.2642
135.05,15.2149,208.2867
135.196,15.2331,208.3094
135.342,15.2513,208.332
135.488,15.2696,208.3547
135.634,15.2879,208.3774
135.78,15.3063,208.4001
135.926,15.3248,208.4229
136.072,15.3434,208.4456
136.218,15.362,208.4684
136.364,15.3807,208.4913
136.51,15.3994,208.5141
136.656,15.4182,208.537
136.802,15.4371,208.56
136.948,15.456,208.5829
137.094,15.475,208.6059
137.24,15.4941,208.6289
137.386,15.5132,208.6519
137.532,15.5325,208.675
137.678,15.5517,208.6981
137.824,15.5711,208.7212
137.97,15.5905,208.7443
138.116,15.61,208.7675
138.262,15.6295,208.7907
138.408,15.6491,208.814
138.554,15.6688,208.8372
138.7,15.6885,208.8605
138.846,15.7084,208.8838
138.992,15.7282,208.9072
139.138,15.7482,208.9306
139.284,15.7682,208.954
139.43,15.7883,208.9774
139.576,15.8085,209.0009
139.722,15.8287,209.0244
139.868,15.849,209.0479
140.014,15.8694,209.0715
140.16,15.8898,209.0951
140.306,15.9103,209.1187
140.452,15.9309,209.1424
140.598,15.9516,209.166
140.744,15.9723,209.1898
140.89,15.9931,209.2135
141.036,16.014,209.2373
141.182,16.0349,209.2611
141.328,16.0559,209.2849
141.474,16.077,209.3088
141.62,16.0981,209.3327
141.766,16.1194,209.3566
141.912,16.1406,209.3806
142.058,16.162,209.4046
142.204,16.1835,209.4286
142.35,16.205,209.4527
142.496,16.2265,209.4768
142.642,16.2482,209.5009
142.788,16.2699,209.525
142.934,16.2917,209.5492
143.08,16.3136,209.5734
143.226,16.3356,209.5977
143.372,16.3576,209.622
143.518,16.3797,209.6463
143.664,16.4019,209.6707
143.81,16.4241,209.695
143.956,16.4464,209.7195
144.102,16.4688,209.7439
144.248,16.4913,209.7684
144.394,16.5138,209.7929
144.54,16.5365,209.8175
144.686,16.5592,209.842
144.832,16.5819,209.8667
144.978,16.6048,209.8913
145.124,16.6277,209.916
145.27,16.6507,209.9407
145.416,16.6738,209.9655
145.562,16.697,209.9903
145.708,16.7202,210.0151
145.854,16.7435,210.0399
146,16.7669,210.0648
146.146,16.7903,210.0898
146.292,16.8139,210.1147
146.438,16.8375,210.1397
146.584,16.8612,210.1648
146.73,16.885,210.1898
146.876,16.9088,210.2149
147.022,16.9328,210.2401
147.168,16.9568,210.2652
147.314,16.9809,210.2904
147.46,17.005,210.3157
147.606,17.0293,210.341
147.752,17.0536,210.3663
147.898,17.078,210.3916
148.044,17.1025,210.417
148.19,17.1271,210.4425
148.336,17.1517,210.4679
148.482,17.1765,210.4934
148.628,17.2013,210.519
148.774,17.2262,210.5445
148.92,17.2512,210.5701
149.066,17.2762,210.5958
149.212,17.3014,210.6215
149.358,17.3266,210.6472
149.504,17.3519,210.673
149.65,17.3773,210.6988
149.796,17.4027,210.7246
149.942,17.4283,210.7505
150.088,17.4539,210.7764
150.234,17.4796,210.8023
150.38,17.5055,210.8283
150.526,17.5313,210.8543
150.672,17.5573,210.8804
150.818,17.5834,210.9065
150.964,17.6095,210.9327
151.11,17.6357,210.9588
151.256,17.662,210.9851
151.402,17.6884,211.0113
151.548,17.7149,211.0376
151.694,17.7415,211.064
151.84,17.7681,211.0903
151.986,17.7949,211.1168
152.132,17.8217,211.1432
152.278,17.8486,211.1697
152.424,17.8756,211.1962
152.57,17.9027,211.2228
152.716,17.9298,211.2494
152.862,17.9571,211.2761
153.008,17.9844,211.3028
153.154,18.0119,211.3295
153.3,18.0394,211.3563
153.446,18.067,211.3831
153.592,18.0947,211.41
153.738,18.1225,211.4369
153.884,18.1504,211.4638
154.03,18.1784,211.4908
154.176,18.2064,211.5179
154.322,18.2346,211.5449
154.468,18.2628,211.572
154.614,18.2911,211.5992
154.76,18.3195,211.6264
154.906,18.348,211.6536
155.052,18.3766,211.6809
155.198,18.4053,211.7082
155.344,18.4341,211.7356
155.49,18.463,211.763
155.636,18.492,211.7905
155.782,18.521,211.8179
155.928,18.5502,211.8455
156.074,18.5794,211.8731
156.22,18.6088,211.9007
156.366,18.6382,211.9284
156.512,18.6677,211.9561
156.658,18.6973,211.9838
156.804,18.727,212.0116
156.95,18.7569,212.0395
157.096,18.7868,212.0674
157.242,18.8168,212.0953
157.388,18.8468,212.1233
157.534,18.877,212.1513
157.68,18.9073,212.1794
157.826,18.9377,212.2075
157.972,18.9682,212.2356
158.118,18.9988,212.2638
158.264,19.0294,212.2921
158.41,19.0602,212.3204
158.556,19.0911,212.3487
158.702,19.122,212.3771
158.848,19.1531,212.4055
158.994,19.1842,212.434
159.14,19.2155,212.4625
159.286,19.2468,212.4911
159.432,19.2783,212.5197
159.578,19.3099,212.5484
159.724,19.3415,212.5771
159.87,19.3733,212.6059
160.016,19.4051,212.6347
160.162,19.4371,212.6635
160.308,19.4691,212.6924
160.454,19.5013,212.7214
160.6,19.5335,212.7504
160.746,19.5659,212.7794
160.892,19.5983,212.8085
161.038,19.6309,212.8376
161.184,19.6636,212.8668
161.33,19.6963,212.8961
161.476,19.7292,212.9254
161.622,19.7622,212.9547
161.768,19.7953,212.9841
161.914,19.8284,213.0135
162.06,19.8617,213.043
162.206,19.8951,213.0725
162.352,19.9286,213.1021
162.498,19.9622,213.1317
162.644,19.9959,213.1614
162.79,20.0297,213.1912
162.936,20.0636,213.2209
163.082,20.0977,213.2508
163.228,20.1318,213.2806
163.374,20.166,213.3106
163.52,20.2004,213.3406
163.666,20.2348,213.3706
163.812,20.2694,213.4007
163.958,20.304,213.4308
164.104,20.3388,213.461
164.25,20.3737,213.4913
164.396,20.4087,213.5216
164.542,20.4438,213.5519
164.688,20.479,213.5823
164.834,20.5143,213.6128
164.98,20.5498,213.6433
165.126,20.5853,213.6738
165.272,20.621,213.7044
165.418,20.6567,213.7351
165.564,20.6926,213.7658
165.71,20.7286,213.7966
165.856,20.7647,213.8274
166.002,20.8009,213.8583
166.148,20.8372,213.8892
166.294,20.8737,213.9202
166.44,20.9102,213.9512
166.586,20.9469,213.9823
166.732,20.9836,214.0135
166.878,21.0205,214.0447
167.024,21.0575,214.0759
167.17,21.0947,214.1072
167.316,21.1319,214.1386
167.462,21.1693,214.17
167.608,21.2067,214.2015
167.754,21.2443,214.233
167.9,21.282,214.2646
168.046,21.3198,214.2963
168.192,21.3578,214.328
168.338,21.3958,214.3597
168.484,21.434,214.3915
168.63,21.4723,214.4234
168.776,21.5107,214.4554
168.922,21.5492,214.4873
169.068,21.5879,214.5194
169.214,21.6267,214.5515
169.36,21.6656,214.5836
169.506,21.7046,214.6159
169.652,21.7437,214.6481
169.798,21.783,214.6805
169.944,21.8223,214.7129
170.09,21.8618,214.7453
170.236,21.9014,214.7778
170.382,21.9412,214.8104
170.528,21.981,214.843
170.674,22.021,214.8757
170.82,22.0611,214.9084
170.966,22.1014,214.9412
171.112,22.1417,214.9741
171.258,22.1822,215.007
171.404,22.2228,215.04
171.55,22.2636,215.0731
171.696,22.3044,215.1062
171.842,22.3454,215.1393
171.988,22.3865,215.1726
172.134,22.4278,215.2059
172.28,22.4691,215.2392
172.426,22.5106,215.2726
172.572,22.5523,215.3061
172.718,22.594,215.3396
172.864,22.6359,215.3732
173.01,22.6779,215.4069
173.156,22.7201,215.4406
173.302,22.7623,215.4744
173.448,22.8047,215.5082
173.594,22.8473,215.5422
173.74,22.8899,215.5761
173.886,22.9327,215.6102
174.032,22.9756,215.6443
174.178,23.0187,215.6784
174.324,23.0619,215.7127
174.47,23.1052,215.747
174.616,23.1487,215.7813
174.762,23.1923,215.8157
174.908,23.236,215.8502
175.054,23.2799,215.8848
175.2,23.3238,215.9194
175.346,23.368,215.9541
175.492,23.4122,215.9888
175.638,23.4567,216.0237
175.784,23.5012,216.0585
175.93,23.5459,216.0935
176.076,23.5907,216.1285
176.222,23.6356,216.1636
176.368,23.6807,216.1987
176.514,23.726,216.2339
176.66,23.7713,216.2692
176.806,23.8168,216.3046
176.952,23.8625,216.34
177.098,23.9083,216.3755
177.244,23.9542,216.411
177.39,24.0003,216.4467
177.536,24.0465,216.4823
177.682,24.0928,216.5181
177.828,24.1393,216.5539
177.974,24.186,216.5898
178.12,24.2328,216.6258
178.266,24.2797,216.6618
178.412,24.3268,216.6979
178.558,24.374,216.7341
178.704,24.4213,216.7704
178.85,24.4688,216.8067
178.996,24.5165,216.8431
179.142,24.5643,216.8795
179.288,24.6122,216.9161
179.434,24.6603,216.9527
179.58,24.7086,216.9893
179.726,24.757,217.0261
179.872,24.8055,217.0629
180.018,24.8542,217.0998
180.164,24.903,217.1367
180.31,24.952,217.1738
180.456,25.0011,217.2109
180.602,25.0504,217.2481
180.748,25.0999,217.2853
180.894,25.1494,217.3226
181.04,25.1992,217.36
181.186,25.2491,217.3975
181.332,25.2991,217.4351
181.478,25.3493,217.4727
181.624,25.3997,217.5104
181.77,25.4502,217.5482
181.916,25.5009,217.586
182.062,25.5517,217.6239
182.208,25.6026,217.6619
182.354,25.6538,217.7
182.5,25.7051,217.7382
182.646,25.7565,217.7764
182.792,25.8081,217.8147
182.938,25.8599,217.8531
183.084,25.9118,217.8915
183.23,25.9639,217.9301
183.376,26.0161,217.9687
183.522,26.0685,218.0074
183.668,26.121,218.0461
183.814,26.1738,218.085
183.96,26.2266,218.1239
184.106,26.2797,218.1629
184.252,26.3329,218.202
184.398,26.3863,218.2411
184.544,26.4398,218.2804
184.69,26.4935,218.3197
184.836,26.5473,218.3591
184.982,26.6014,218.3986
185.128,26.6555,218.4382
185.274,26.7099,218.4778
185.42,26.7644,218.5175
185.566,26.8191,218.5573
185.712,26.874,218.5972
185.858,26.929,218.6372
186.004,26.9842,218.6772
186.15,27.0395,218.7173
186.296,27.0951,218.7576
186.442,27.1508,218.7979
186.588,27.2066,218.8382
186.734,27.2627,218.8787
186.88,27.3189,218.9192
187.026,27.3753,218.9599
187.172,27.4318,219.0006
187.318,27.4885,219.0414
187.464,27.5454,219.0823
187.61,27.6025,219.1232
187.756,27.6598,219.1643
187.902,27.7172,219.2054
188.048,27.7748,219.2466
188.194,27.8326,219.2879
188.34,27.8905,219.3293
188.486,27.9486,219.3708
188.632,28.0069,219.4124
188.778,28.0654,219.454
188.924,28.1241,219.4958
189.07,28.1829,219.5376
189.216,28.242,219.5795
189.362,28.3012,219.6215
189.508,28.3606,219.6636
189.654,28.4201,219.7058
189.8,28.4799,219.748
189.946,28.5398,219.7904
190.092,28.5999,219.8328
190.238,28.6602,219.8754
190.384,28.7207,219.918
190.53,28.7814,219.9607
190.676,28.8422,220.0035
190.822,28.9032,220.0464
190.968,28.9645,220.0894
191.114,29.0259,220.1325
191.26,29.0875,220.1757
191.406,29.1493,220.2189
191.552,29.2112,220.2623
191.698,29.2734,220.3057
191.844,29.3357,220.3492
191.99,29.3983,220.3929
192.136,29.461,220.4366
192.282,29.5239,220.4804
192.428,29.5871,220.5243
192.574,29.6504,220.5683
192.72,29.7139,220.6124
192.866,29.7776,220.6566
193.012,29.8415,220.7009
193.158,29.9056,220.7453
193.304,29.9698,220.7898
193.45,30.0343,220.8343
193.596,30.099,220.879
193.742,30.1639,220.9238
193.888,30.2289,220.9686
194.034,30.2942,221.0136
194.18,30.3597,221.0586
194.326,30.4253,221.1038
194.472,30.4912,221.149
194.618,30.5573,221.1944
194.764,30.6235,221.2398
194.91,30.69,221.2854
195.056,30.7567,221.331
195.202,30.8236,221.3768
195.348,30.8906,221.4226
195.494,30.9579,221.4686
195.64,31.0254,221.5146
195.786,31.0931,221.5607
195.932,31.161,221.607
196.078,31.2291,221.6533
196.224,31.2975,221.6998
196.37,31.366,221.7463
196.516,31.4347,221.793
196.662,31.5037,221.8397
196.808,31.5728,221.8866
196.954,31.6422,221.9335
197.1,31.7118,221.9806
197.246,31.7816,222.0278
197.392,31.8516,222.075
197.538,31.9218,222.1224
197.684,31.9922,222.1699
197.83,32.0628,222.2175
197.976,32.1337,222.2652
198.122,32.2048,222.313
198.268,32.2761,222.3609
198.414,32.3476,222.4089
198.56,32.4193,222.457
198.706,32.4912,222.5052
198.852,32.5634,222.5535
198.998,32.6358,222.6019
199.144,32.7084,222.6505
199.29,32.7812,222.6991
199.436,32.8543,222.7479
199.582,32.9275,222.7968
199.728,33.001,222.8457
199.874,33.0747,222.8948
200.02,33.1487,222.944
200.166,33.2229,222.9933
200.312,33.2972,223.0427
200.458,33.3719,223.0922
200.604,33.4467,223.1419
200.75,33.5218,223.1916
200.896,33.5971,223.2415
201.042,33.6726,223.2914
201.188,33.7484,223.3415
201.334,33.8244,223.3917
201.48,33.9006,223.442
201.626,33.977,223.4925
201.772,34.0537,223.543
201.918,34.1306,223.5936
202.064,34.2078,223.6444
202.21,34.2852,223.6953
202.356,34.3628,223.7463
202.502,34.4407,223.7974
202.648,34.5188,223.8486
202.794,34.5971,223.9
202.94,34.6757,223.9514
203.086,34.7545,224.003
203.232,34.8335,224.0547
203.378,34.9128,224.1065
203.524,34.9924,224.1584
203.67,35.0721,224.2105
203.816,35.1522,224.2626
203.962,35.2324,224.3149
204.108,35.3129,224.3673
204.254,35.3937,224.4198
204.4,35.4747,224.4725
204.546,35.5559,224.5252
204.692,35.6374,224.5781
204.838,35.7191,224.6311
204.984,35.8011,224.6843
205.13,35.8834,224.7375
205.276,35.9658,224.7909
205.422,36.0486,224.8444
205.568,36.1316,224.898
205.714,36.2148,224.9517
205.86,36.2983,225.0056
206.006,36.382,225.0596
206.152,36.466,225.1137
206.298,36.5503,225.1679
206.444,36.6348,225.2223
206.59,36.7196,225.2768
206.736,36.8046,225.3314
206.882,36.8899,225.3862
207.028,36.9754,225.441
207.174,37.0612,225.496
207.32,37.1473,225.5511
207.466,37.2336,225.6064
207.612,37.3202,225.6618
207.758,37.407,225.7173
207.904,37.4941,225.7729
208.05,37.5815,225.8287
208.196,37.6692,225.8846
208.342,37.7571,225.9406
208.488,37.8452,225.9968
208.634,37.9337,226.0531
208.78,38.0224,226.1095
208.926,38.1114,226.1661
209.072,38.2006,226.2227
209.218,38.2901,226.2796
209.364,38.3799,226.3365
209.51,38.47,226.3936
209.656,38.5603,226.4508
209.802,38.6509,226.5082
209.948,38.7418,226.5657
210.094,38.833,226.6233
210.24,38.9244,226.681
210.386,39.0161,226.7389
210.532,39.1081,226.797
210.678,39.2004,226.8551
210.824,39.2929,226.9135
210.97,39.3858,226.9719
211.116,39.4789,227.0305
211.262,39.5723,227.0892
211.408,39.6659,227.1481
211.554,39.7599,227.2071
211.7,39.8541,227.2662
211.846,39.9487,227.3255
211.992,40.0435,227.3849
212.138,40.1386,227.4445
212.284,40.234,227.5042
212.43,40.3297,227.564
212.576,40.4256,227.624
212.722,40.5219,227.6841
212.868,40.6184,227.7444
213.014,40.7153,227.8048
213.16,40.8124,227.8654
213.306,40.9098,227.9261
213.452,41.0076,227.9869
213.598,41.1056,228.0479
213.744,41.2039,228.1091
213.89,41.3025,228.1704
214.036,41.4014,228.2318
214.182,41.5006,228.2934
214.328,41.6002,228.3551
214.474,41.7,228.417
214.62,41.8001,228.479
214.766,41.9005,228.5412
214.912,42.0012,228.6035
215.058,42.1023,228.666
215.204,42.2036,228.7286
215.35,42.3052,228.7914
215.496,42.4072,228.8543
215.642,42.5094,228.9174
215.788,42.612,228.9806
215.934,42.7148,229.044
216.08,42.818,229.1075
216.226,42.9215,229.1712
216.372,43.0253,229.2351
216.518,43.1294,229.2991
216.664,43.2339,229.3632
216.81,43.3386,229.4275
216.956,43.4437,229.492
217.102,43.5491,229.5566
217.248,43.6548,229.6214
217.394,43.7608,229.6863
217.54,43.8671,229.7514
217.686,43.9738,229.8167
217.832,44.0807,229.8821
217.978,44.188,229.9477
218.124,44.2957,230.0134
218.27,44.4036,230.0793
218.416,44.5119,230.1453
218.562,44.6205,230.2115
218.708,44.7294,230.2779
218.854,44.8387,230.3444
219,44.9483,230.4111
219.146,45.0582,230.478
219.292,45.1684,230.545
219.438,45.279,230.6122
219.584,45.3899,230.6796
219.73,45.5011,230.7471
219.876,45.6127,230.8148
220.022,45.7246,230.8826
220.168,45.8369,230.9506
220.314,45.9495,231.0188
220.46,46.0624,231.0872
220.606,46.1757,231.1557
220.752,46.2893,231.2244
220.898,46.4032,231.2932
221.044,46.5175,231.3622
221.19,46.6321,231.4314
221.336,46.7471,231.5008
221.482,46.8624,231.5703
221.628,46.9781,231.64
221.774,47.0941,231.7099
221.92,47.2105,231.78
222.066,47.3272,231.8502
222.212,47.4443,231.9206
222.358,47.5617,231.9912
222.504,47.6795,232.0619
222.65,47.7976,232.1328
222.796,47.9161,232.2039
222.942,48.0349,232.2752
223.088,48.1541,232.3467
223.234,48.2736,232.4183
223.38,48.3935,232.4901
223.526,48.5138,232.5621
223.672,48.6344,232.6343
223.818,48.7554,232.7066
223.964,48.8767,232.7791
224.11,48.9985,232.8518
224.256,49.1205,232.9247
224.402,49.243,232.9978
224.548,49.3658,233.071
224.694,49.489,233.1445
224.84,49.6125,233.2181
224.986,49.7364,233.2919
225.132,49.8607,233.3659
225.278,49.9853,233.44
225.424,50.1104,233.5144
225.57,50.2358,233.5889
225.716,50.3615,233.6636
225.862,50.4877,233.7386
226.008,50.6142,233.8137
226.154,50.7411,233.889
226.3,50.8684,233.9644
226.446,50.9961,234.0401
226.592,51.1241,234.116
226.738,51.2525,234.192
226.884,51.3814,234.2682
227.03,51.5105,234.3447
227.176,51.6401,234.4213
227.322,51.7701,234.4981
227.468,51.9004,234.5751
227.614,52.0312,234.6523
227.76,52.1623,234.7297
227.906,52.2938,234.8073
228.052,52.4257,234.8851
228.198,52.558,234.9631
228.344,52.6907,235.0413
228.49,52.8238,235.1197
228.636,52.9573,235.1982
228.782,53.0912,235.277
228.928,53.2255,235.356
229.074,53.3602,235.4352
229.22,53.4953,235.5145
229.366,53.6308,235.5941
229.512,53.7666,235.6739
229.658,53.9029,235.7539
229.804,54.0396,235.8341
229.95,54.1767,235.9144
230.096,54.3142,235.995
230.242,54.4522,236.0758
230.388,54.5905,236.1568
230.534,54.7292,236.238
230.68,54.8684,236.3194
230.826,55.0079,236.4011
230.972,55.1479,236.4829
231.118,55.2883,236.5649
231.264,55.4291,236.6472
231.41,55.5703,236.7296
231.556,55.7119,236.8123
231.702,55.854,236.8952
231.848,55.9965,236.9782
231.994,56.1394,237.0615
232.14,56.2827,237.1451
232.286,56.4264,237.2288
232.432,56.5706,237.3127
232.578,56.7152,237.3969
232.724,56.8602,237.4812
232.87,57.0057,237.5658
233.016,57.1515,237.6506
233.162,57.2979,237.7356
233.308,57.4446,237.8209
233.454,57.5918,237.9063
233.6,57.7394,237.992
233.746,57.8874,238.0779
233.892,58.0359,238.164
234.038,58.1848,238.2503
234.184,58.3342,238.3369
234.33,58.4839,238.4237
234.476,58.6342,238.5107
234.622,58.7849,238.5979
234.768,58.936,238.6853
234.914,59.0875,238.773
235.06,59.2395,238.8609
235.206,59.392,238.949
235.352,59.5449,239.0374
235.498,59.6982,239.1259
235.644,59.852,239.2148
235.79,60.0063,239.3038
235.936,60.161,239.3931
236.082,60.3162,239.4825
236.228,60.4718,239.5723
236.374,60.6278,239.6622
236.52,60.7844,239.7524
236.666,60.9413,239.8428
236.812,61.0988,239.9335
236.958,61.2567,240.0244
237.104,61.415,240.1155
237.25,61.5739,240.2069
237.396,61.7332,240.2985
237.542,61.8929,240.3903
237.688,62.0531,240.4824
237.834,62.2138,240.5747
237.98,62.375,240.6672
238.126,62.5366,240.76
238.272,62.6987,240.853
238.418,62.8613,240.9463
238.564,63.0243,241.0398
238.71,63.1879,241.1336
238.856,63.3519,241.2276
239.002,63.5163,241.3218
239.148,63.6813,241.4163
239.294,63.8467,241.511
239.44,64.0126,241.606
239.586,64.179,241.7012
239.732,64.3459,241.7967
239.878,64.5133,241.8924
240.024,64.6811,241.9884
240.17,64.8494,242.0846
240.316,65.0183,242.1811
240.462,65.1876,242.2778
240.608,65.3574,242.3748
240.754,65.5277,242.472
240.9,65.6985,242.5695
241.046,65.8697,242.6672
241.192,66.0415,242.7652
241.338,66.2138,242.8634
241.484,66.3866,242.9619
241.63,66.5598,243.0607
241.776,66.7336,243.1597
241.922,66.9079,243.259
242.068,67.0827,243.3585
242.214,67.2579,243.4583
242.36,67.4337,243.5584
242.506,67.61,243.6587
242.652,67.7868,243.7593
242.798,67.9641,243.8601
242.944,68.1419,243.9612
243.09,68.3203,244.0626
243.236,68.4991,244.1642
243.382,68.6784,244.2661
243.528,68.8583,244.3683
243.674,69.0387,244.4707
243.82,69.2196,244.5734
243.966,69.401,244.6764
244.112,69.583,244.7796
244.258,69.7654,244.8831
244.404,69.9484,244.9869
244.55,70.1319,245.091
244.696,70.3159,245.1953
244.842,70.5005,245.2999
244.988,70.6856,245.4048
245.134,70.8712,245.5099
245.28,71.0573,245.6154
245.426,71.244,245.7211
245.572,71.4312,245.8271
245.718,71.619,245.9333
245.864,71.8072,246.0399
246.01,71.996,246.1467
246.156,72.1854,246.2538
246.302,72.3753,246.3612
246.448,72.5657,246.4688
246.594,72.7567,246.5768
246.74,72.9482,246.685
246.886,73.1402,246.7935
247.032,73.3328,246.9023
247.178,73.526,247.0114
247.324,73.7197,247.1208
247.47,73.9139,247.2305
247.616,74.1087,247.3404
247.762,74.304,247.4507
247.908,74.4999,247.5612
248.054,74.6964,247.672
248.2,74.8934,247.7832
248.346,75.0909,247.8946
248.492,75.289,248.0063
248.638,75.4877,248.1183
248.784,75.6869,248.2306
248.93,75.8867,248.3432
249.076,76.0871,248.4561
249.222,76.288,248.5692
249.368,76.4895,248.6827
249.514,76.6915,248.7965
249.66,76.8941,248.9106
249.806,77.0973,249.025
249.952,77.3011,249.1397
250.098,77.5054,249.2547
250.244,77.7103,249.37
250.39,77.9157,249.4856
250.536,78.1218,249.6015
250.682,78.3284,249.7177
250.828,78.5356,249.8342
250.974,78.7434,249.9511
251.12,78.9517,250.0682
251.266,79.1607,250.1857
251.412,79.3702,250.3034
251.558,79.5803,250.4215
251.704,79.791,250.5399
251.85,80.0022,250.6586
251.996,80.2141,250.7776
252.142,80.4265,250.8969
252.288,80.6395,251.0166
252.434,80.8532,251.1365
252.58,81.0674,251.2568
252.726,81.2822,251.3774
252.872,81.4976,251.4983
253.018,81.7136,251.6196
253.164,81.9302,251.7411
253.31,82.1474,251.863
253.456,82.3652,251.9852
253.602,82.5836,252.1077
253.748,82.8025,252.2306
253.894,83.0221,252.3538
254.04,83.2423,252.4773
254.186,83.4631,252.6011
254.332,83.6846,252.7253
254.478,83.9066,252.8498
254.624,84.1292,252.9746
254.77,84.3524,253.0997
254.916,84.5763,253.2252
255.062,84.8008,253.351
255.208,85.0258,253.4772
255.354,85.2515,253.6037
255.5,85.4778,253.7305
255.646,85.7047,253.8577
255.792,85.9323,253.9852
255.938,86.1605,254.113
256.084,86.3892,254.2412
256.23,86.6186,254.3697
256.376,86.8487,254.4985
256.522,87.0793,254.6277
256.668,87.3106,254.7573
256.814,87.5425,254.8872
256.96,87.775,255.0174
257.106,88.0082,255.148
257.252,88.242,255.2789
257.398,88.4764,255.4102
257.544,88.7115,255.5418
257.69,88.9472,255.6738
257.836,89.1835,255.8061
257.982,89.4205,255.9388
258.128,89.6581,256.0718
258.274,89.8963,256.2052
258.42,90.1352,256.3389
258.566,90.3747,256.473
258.712,90.6149,256.6074
258.858,90.8557,256.7422
259.004,91.0971,256.8774
259.15,91.3392,257.0129
259.296,91.582,257.1488
259.442,91.8253,257.285
259.588,92.0694,257.4216
259.734,92.3141,257.5586
259.88,92.5594,257.6959
260.026,92.8054,257.8336
260.172,93.0521,257.9717
260.318,93.2994,258.1101
260.464,93.5473,258.2489
260.61,93.7959,258.3881
260.756,94.0452,258.5276
260.902,94.2951,258.6675
261.048,94.5457,258.8078
261.194,94.797,258.9484
261.34,95.0489,259.0895
261.486,95.3015,259.2309
261.632,95.5547,259.3726
261.778,95.8086,259.5148
261.924,96.0632,259.6573
262.07,96.3184,259.8002
262.216,96.5744,259.9435
262.362,96.8309,260.0872
262.508,97.0882,260.2312
262.654,97.3461,260.3757
262.8,97.6047,260.5205
262.946,97.864,260.6657
263.092,98.124,260.8113
263.238,98.3846,260.9572
263.384,98.6459,261.1036
263.53,98.9079,261.2503
263.676,99.1705,261.3975
263.822,99.4339,261.545
263.968,99.6979,261.6929
264.114,99.9626,261.8412
264.26,100.228,261.9899
264.406,100.4941,262.1391
264.552,100.7609,262.2885
264.698,101.0283,262.4384
264.844,101.2964,262.5887
264.99,101.5653,262.7394
265.136,101.8348,262.8905
265.282,102.105,263.042
265.428,102.3759,263.1939
265.574,102.6475,263.3462
265.72,102.9198,263.4989
265.866,103.1928,263.652
266.012,103.4664,263.8055
266.158,103.7408,263.9594
266.304,104.0159,264.1138
266.45,104.2916,264.2685
266.596,104.5681,264.4237
266.742,104.8453,264.5792
266.888,105.1232,264.7352
267.034,105.4017,264.8916
267.18,105.681,265.0484
267.326,105.961,265.2056
267.472,106.2417,265.3632
267.618,106.5231,265.5213
267.764,106.8052,265.6797
267.91,107.088,265.8386
268.056,107.3715,265.9979
268.202,107.6557,266.1577
268.348,107.9407,266.3178
268.494,108.2263,266.4784
268.64,108.5127,266.6394
268.786,108.7997,266.8008
268.932,109.0875,266.9627
269.078,109.376,267.1249
269.224,109.6652,267.2877
269.37,109.9552,267.4508
269.516,110.2458,267.6144
269.662,110.5372,267.7784
269.808,110.8293,267.9428
269.954,111.1221,268.1077
270.1,111.4156,268.273
270.246,111.7099,268.4387
270.392,112.0048,268.6049
270.538,112.3005,268.7715
270.684,112.597,268.9386
270.83,112.8941,269.1061
270.976,113.192,269.274
271.122,113.4906,269.4424
271.268,113.7899,269.6113
271.414,114.0899,269.7805
271.56,114.3907,269.9503
271.706,114.6922,270.1204
271.852,114.9944,270.291
271.998,115.2974,270.4621
272.144,115.6011,270.6336
272.29,115.9055,270.8056
272.436,116.2107,270.978
272.582,116.5166,271.1509
272.728,116.8232,271.3242
272.874,117.1306,271.498
273.02,117.4387,271.6723
273.166,117.7475,271.847
273.312,118.0571,272.0221
273.458,118.3674,272.1978
273.604,118.6784,272.3738
273.75,118.9902,272.5504
273.896,119.3027,272.7274
274.042,119.6159,272.9049
274.188,119.9299,273.0828
274.334,120.2447,273.2612
274.48,120.5601,273.4401
274.626,120.8764,273.6194
274.772,121.1933,273.7993
274.918,121.511,273.9796
275.064,121.8295,274.1603
275.21,122.1487,274.3415
275.356,122.4686,274.5233
275.502,122.7893,274.7054
275.648,123.1107,274.8881
275.794,123.4328,275.0712
275.94,123.7558,275.2549
276.086,124.0794,275.439
276.232,124.4038,275.6235
276.378,124.729,275.8086
276.524,125.0549,275.9942
276.67,125.3815,276.1802
276.816,125.7089,276.3667
276.962,126.0371,276.5537
277.108,126.3659,276.7412
277.254,126.6956,276.9292
277.4,127.026,277.1177
277.546,127.3571,277.3066
277.692,127.689,277.4961
277.838,128.0217,277.686
277.984,128.3551,277.8765
278.13,128.6892,278.0674
278.276,129.0241,278.2588
278.422,129.3597,278.4508
278.568,129.6961,278.6432
278.714,130.0333,278.8362
278.86,130.3712,279.0296
279.006,130.7099,279.2235
279.152,131.0493,279.418
279.298,131.3894,279.6129
279.444,131.7304,279.8084
279.59,132.072,280.0043
279.736,132.4145,280.2008
279.882,132.7576,280.3978
280.028,133.1016,280.5953
280.174,133.4463,280.7933
280.32,133.7917,280.9918
280.466,134.1379,281.1908
280.612,134.4848,281.3903
280.758,134.8326,281.5904
280.904,135.181,281.791
281.05,135.5302,281.9921
281.196,135.8802,282.1937
281.342,136.2309,282.3958
281.488,136.5824,282.5985
281.634,136.9346,282.8016
281.78,137.2876,283.0053
281.926,137.6414,283.2096
282.072,137.9959,283.4143
282.218,138.3511,283.6196
282.364,138.7071,283.8254
282.51,139.0639,284.0317
282.656,139.4214,284.2386
282.802,139.7797,284.446
282.948,140.1387,284.6539
283.094,140.4985,284.8624
283.24,140.859,285.0714
283.386,141.2203,285.2809
283.532,141.5823,285.491
283.678,141.9451,285.7016
283.824,142.3087,285.9128
283.97,142.673,286.1245
284.116,143.038,286.3367
284.262,143.4038,286.5495
284.408,143.7704,286.7628
284.554,144.1377,286.9767
284.7,144.5058,287.1911
284.846,144.8746,287.4061
284.992,145.2441,287.6216
285.138,145.6145,287.8376
285.284,145.9855,288.0542
285.43,146.3573,288.2714
285.576,146.7299,288.4891
285.722,147.1032,288.7074
285.868,147.4773,288.9262
286.014,147.8521,289.1456
286.16,148.2276,289.3655
286.306,148.6039,289.586
286.452,148.981,289.8071
286.598,149.3588,290.0287
286.744,149.7373,290.2509
286.89,150.1166,290.4736
287.036,150.4966,290.6969
287.182,150.8774,290.9208
287.328,151.2589,291.1452
287.474,151.6412,291.3702
287.62,152.0242,291.5958
287.766,152.4079,291.8219
287.912,152.7924,292.0486
288.058,153.1776,292.2759
288.204,153.5636,292.5038
288.35,153.9503,292.7322
288.496,154.3377,292.9612
288.642,154.7259,293.1908
288.788,155.1148,293.421
288.934,155.5045,293.6517
289.08,155.8949,293.883
289.226,156.286,294.1149
289.372,156.6778,294.3474
289.518,157.0704,294.5804
289.664,157.4637,294.8141
289.81,157.8578,295.0483
289.956,158.2526,295.2831
290.102,158.6481,295.5185
290.248,159.0443,295.7545
290.394,159.4413,295.9911
290.54,159.8389,296.2283
290.686,160.2374,296.4661
290.832,160.6365,296.7044
290.978,161.0363,296.9434
291.124,161.4369,297.1829
291.27,161.8382,297.423
291.416,162.2402,297.6638
291.562,162.643,297.9051
291.708,163.0464,298.147
291.854,163.4506,298.3896
292,163.8555,298.6327
292.146,164.2611,298.8764
292.292,164.6674,299.1208
292.438,165.0744,299.3657
292.584,165.4821,299.6113
292.73,165.8906,299.8574
292.876,166.2997,300.1042
293.022,166.7096,300.3515
293.168,167.1201,300.5995
293.314,167.5314,300.8481
293.46,167.9434,301.0973
293.606,168.356,301.3471
293.752,168.7694,301.5976
293.898,169.1834,301.8486
294.044,169.5982,302.1003
294.19,170.0136,302.3525
294.336,170.4298,302.6054
294.482,170.8466,302.8589
294.628,171.2641,303.1131
294.774,171.6823,303.3678
294.92,172.1012,303.6232
295.066,172.5208,303.8792
295.212,172.9411,304.1358
295.358,173.362,304.393
295.504,173.7837,304.6509
295.65,174.206,304.9094
295.796,174.629,305.1685
295.942,175.0526,305.4283
296.088,175.477,305.6887
296.234,175.902,305.9497
296.38,176.3276,306.2113
296.526,176.754,306.4736
296.672,177.181,306.7365
296.818,177.6086,307.0001
296.964,178.037,307.2643
297.11,178.466,307.5291
297.256,178.8956,307.7945
297.402,179.3259,308.0606
297.548,179.7569,308.3274
297.694,180.1885,308.5948
297.84,180.6208,308.8628
297.986,181.0537,309.1314
298.132,181.4872,309.4008
298.278,181.9214,309.6707
298.424,182.3563,309.9413
298.57,182.7917,310.2125
298.716,183.2279,310.4844
298.862,183.6646,310.757
299.008,184.102,311.0302
299.154,184.54,311.304
299.3,184.9786,311.5785
299.446,185.4179,311.8536
299.592,185.8578,312.1294
299.738,186.2983,312.4059
299.884,186.7394,312.683
300.03,187.1812,312.9607
300.176,187.6235,313.2392
300.322,188.0665,313.5182
300.468,188.5101,313.798
300.614,188.9543,314.0784
300.76,189.3991,314.3594
300.906,189.8445,314.6411
301.052,190.2905,314.9235
301.198,190.737,315.2065
301.344,191.1842,315.4902
301.49,191.632,315.7746
301.636,192.0804,316.0596
301.782,192.5293,316.3453
301.928,192.9788,316.6317
302.074,193.4289,316.9187
302.22,193.8796,317.2064
302.366,194.3309,317.4948
302.512,194.7827,317.7839
302.658,195.2351,318.0736
302.804,195.6881,318.364
302.95,196.1416,318.655
303.096,196.5957,318.9468
303.242,197.0503,319.2392
303.388,197.5055,319.5323
303.534,197.9612,319.826
303.68,198.4175,320.1205
303.826,198.8744,320.4156
303.972,199.3317,320.7114
304.118,199.7897,321.0079
304.264,200.2481,321.305
304.41,200.7071,321.6029
304.556,201.1666,321.9014
304.702,201.6267,322.2006
304.848,202.0872,322.5005
304.994,202.5483,322.8011
305.14,203.0099,323.1023
305.286,203.472,323.4043
305.432,203.9346,323.7069
305.578,204.3977,324.0102
305.724,204.8614,324.3143
305.87,205.3255,324.619
306.016,205.7901,324.9243
306.162,206.2552,325.2304
306.308,206.7208,325.5372
306.454,207.1869,325.8447
306.6,207.6534,326.1528
306.746,208.1205,326.4617
306.892,208.588,326.7712
307.038,209.056,327.0814
307.184,209.5244,327.3924
307.33,209.9933,327.704
307.476,210.4627,328.0163
307.622,210.9325,328.3294
307.768,211.4028,328.6431
307.914,211.8735,328.9575
308.06,212.3447,329.2726
308.206,212.8163,329.5885
308.352,213.2884,329.905
308.498,213.7608,330.2222
308.644,214.2338,330.5401
308.79,214.7071,330.8588
308.936,215.1808,331.1781
309.082,215.655,331.4981
309.228,216.1296,331.8189
309.374,216.6046,332.1403
309.52,217.0799,332.4625
309.666,217.5557,332.7853
309.812,218.0319,333.1089
309.958,218.5085,333.4332
310.104,218.9855,333.7582
310.25,219.4628,334.0839
310.396,219.9405,334.4103
310.542,220.4186,334.7374
310.688,220.8971,335.0652
310.834,221.3759,335.3937
310.98,221.8551,335.723
311.126,222.3346,336.0529
311.272,222.8145,336.3836
311.418,223.2948,336.715
311.564,223.7754,337.0471
311.71,224.2563,337.3799
311.856,224.7376,337.7134
312.002,225.2192,338.0477
312.148,225.7011,338.3826
312.294,226.1833,338.7183
312.44,226.6659,339.0547
312.586,227.1487,339.3918
312.732,227.6319,339.7296
312.878,228.1154,340.0682
313.024,228.5991,340.4074
313.17,229.0832,340.7474
313.316,229.5675,341.0881
313.462,230.0522,341.4295
313.608,230.5371,341.7717
313.754,231.0222,342.1145
313.9,231.5077,342.4581
314.046,231.9934,342.8024
314.192,232.4794,343.1474
314.338,232.9656,343.4932
314.484,233.452,343.8396
314.63,233.9387,344.1868
314.776,234.4257,344.5348
314.922,234.9128,344.8834
315.068,235.4002,345.2328
315.214,235.8879,345.5828
315.36,236.3757,345.9337
315.506,236.8637,346.2852
315.652,237.352,346.6375
315.798,237.8404,346.9904
315.944,238.3291,347.3442
316.09,238.8179,347.6986
316.236,239.3069,348.0538
316.382,239.7961,348.4097
316.528,240.2855,348.7663
316.674,240.775,349.1236
316.82,241.2647,349.4817
316.966,241.7546,349.8405
317.112,242.2446,350.2
317.258,242.7348,350.5603
317.404,243.2251,350.9213
317.55,243.7155,351.283
317.696,244.2061,351.6454
317.842,244.6967,352.0086
317.988,245.1875,352.3725
318.134,245.6785,352.7371
318.28,246.1695,353.1025
318.426,246.6606,353.4686
318.572,247.1518,353.8354
318.718,247.6431,354.2029
318.864,248.1345,354.5712
319.01,248.626,354.9402
319.156,249.1175,355.31
319.302,249.6091,355.6804
319.448,250.1008,356.0516
319.594,250.5925,356.4236
319.74,251.0842,356.7962
319.886,251.576,357.1696
320.032,252.0679,357.5437
320.178,252.5597,357.9186
320.324,253.0516,358.2942
320.47,253.5435,358.6705
320.616,254.0354,359.0475
320.762,254.5274,359.4253
320.908,255.0193,359.8038
321.054,255.5112,360.1831
321.2,256.0031,360.563
321.346,256.495,360.9437
321.492,256.9868,361.3252
321.638,257.4786,361.7073
321.784,257.9704,362.0902
321.93,258.4621,362.4738
322.076,258.9538,362.8582
322.222,259.4455,363.2433
322.368,259.937,363.6291
322.514,260.4285,364.0156
322.66,260.9199,364.4029
322.806,261.4112,364.7909
322.952,261.9025,365.1796
323.098,262.3936,365.5691
323.244,262.8846,365.9593
323.39,263.3756,366.3502
323.536,263.8664,366.7419
323.682,264.3571,367.1342
323.828,264.8476,367.5274
323.974,265.338,367.9212
324.12,265.8283,368.3158
324.266,266.3184,368.7111
324.412,266.8084,369.1071
324.558,267.2982,369.5038
324.704,267.7878,369.9013
324.85,268.2773,370.2995
324.996,268.7666,370.6984
325.142,269.2556,371.0981
325.288,269.7445,371.4985
325.434,270.2332,371.8996
325.58,270.7217,372.3014
325.726,271.2099,372.704
325.872,271.6979,373.1073
326.018,272.1857,373.5113
326.164,272.6733,373.916
326.31,273.1606,374.3215
326.456,273.6476,374.7277
326.602,274.1344,375.1346
326.748,274.6209,375.5422
326.894,275.1072,375.9506
327.04,275.5932,376.3597
327.186,276.0788,376.7695
327.332,276.5642,377.18
327.478,277.0493,377.5912
327.624,277.5341,378.0032
327.77,278.0185,378.4159
327.916,278.5027,378.8293
328.062,278.9865,379.2434
328.208,279.4699,379.6582
328.354,279.953,380.0738
328.5,280.4358,380.4901
328.646,280.9182,380.9071
328.792,281.4002,381.3248
328.938,281.8819,381.7432
329.084,282.3632,382.1623
329.23,282.8441,382.5822
329.376,283.3246,383.0027
329.522,283.8046,383.424
329.668,284.2843,383.846
329.814,284.7636,384.2687
329.96,285.2424,384.6921
330.106,285.7208,385.1163
330.252,286.1988,385.5411
330.398,286.6763,385.9667
330.544,287.1533,386.3929
330.69,287.6299,386.8199
330.836,288.106,387.2476
330.982,288.5817,387.6759
331.128,289.0568,388.105
331.274,289.5315,388.5348
331.42,290.0056,388.9653
331.566,290.4793,389.3965
331.712,290.9524,389.8284
331.858,291.425,390.261
332.004,291.8971,390.6943
332.15,292.3686,391.1284
332.296,292.8396,391.5631
332.442,293.3101,391.9985
332.588,293.7799,392.4346
332.734,294.2493,392.8714
332.88,294.718,393.3089
333.026,295.1861,393.7471
333.172,295.6537,394.186
333.318,296.1206,394.6256
333.464,296.587,395.0659
333.61,297.0527,395.5068
333.756,297.5178,395.9485
333.902,297.9823,396.3909
334.048,298.4462,396.8339
334.194,298.9094,397.2776
334.34,299.3719,397.7221
334.486,299.8338,398.1672
334.632,300.295,398.613
334.778,300.7556,399.0594
334.924,301.2154,399.5066
335.07,301.6746,399.9544
335.216,302.133,400.403
335.362,302.5908,400.8522
335.508,303.0478,401.3021
335.654,303.5041,401.7526
335.8,303.9597,402.2039
335.946,304.4146,402.6558
336.092,304.8687,403.1084
336.238,305.322,403.5617
336.384,305.7746,404.0156
336.53,306.2264,404.4702
336.676,306.6775,404.9255
336.822,307.1277,405.3814
336.968,307.5772,405.8381
337.114,308.0259,406.2954
337.26,308.4737,406.7533
337.406,308.9208,407.2119
337.552,309.367,407.6712
337.698,309.8123,408.1312
337.844,310.2569,408.5918
337.99,310.7006,409.053
338.136,311.1434,409.515
338.282,311.5854,409.9775
338.428,312.0265,410.4408
338.574,312.4668,410.9047
338.72,312.9061,411.3692
338.866,313.3445,411.8344
339.012,313.7821,412.3003
339.158,314.2187,412.7668
339.304,314.6545,413.2339
339.45,315.0893,413.7017
339.596,315.5231,414.1701
339.742,315.956,414.6392
339.888,316.388,415.1089
340.034,316.819,415.5793
340.18,317.2491,416.0503
340.326,317.6782,416.522
340.472,318.1063,416.9942
340.618,318.5334,417.4672
340.764,318.9596,417.9407
340.91,319.3847,418.4149
341.056,319.8088,418.8897
341.202,320.2319,419.3651
341.348,320.654,419.8412
341.494,321.075,420.3179
341.64,321.495,420.7952
341.786,321.914,421.2732
341.932,322.3319,421.7517
342.078,322.7487,422.2309
342.224,323.1645,422.7107
342.37,323.5791,423.1912
342.516,323.9927,423.6722
342.662,324.4052,424.1538
342.808,324.8166,424.6361
342.954,325.2269,425.119
343.1,325.6361,425.6025
343.246,326.0442,426.0865
343.392,326.4511,426.5712
343.538,326.8569,427.0565
343.684,327.2615,427.5424
343.83,327.665,428.0289
343.976,328.0673,428.516
344.122,328.4684,429.0037
344.268,328.8684,429.492
344.414,329.2672,429.9809
344.56,329.6648,430.4704
344.706,330.0612,430.9604
344.852,330.4564,431.4511
344.998,330.8504,431.9423
345.144,331.2431,432.4342
345.29,331.6347,432.9266
345.436,332.0249,433.4196
345.582,332.414,433.9131
345.728,332.8018,434.4073
345.874,333.1883,434.902
346.02,333.5736,435.3973
346.166,333.9576,435.8931
346.312,334.3403,436.3896
346.458,334.7218,436.8866
346.604,335.1019,437.3841
346.75,335.4807,437.8823
346.896,335.8583,438.381
347.042,336.2345,438.8802
347.188,336.6094,439.38
347.334,336.983,439.8804
347.48,337.3552,440.3813
347.626,337.7261,440.8828
347.772,338.0956,441.3848
347.918,338.4638,441.8874
348.064,338.8306,442.3905
348.21,339.196,442.8941
348.356,339.5601,443.3983
348.502,339.9227,443.9031
348.648,340.284,444.4084
348.794,340.6439,444.9142
348.94,341.0024,445.4205
349.086,341.3594,445.9274
349.232,341.7151,446.4348
349.378,342.0693,446.9427
349.524,342.422,447.4512
349.67,342.7734,447.9602
349.816,343.1233,448.4697
349.962,343.4717,448.9797
350.108,343.8187,449.4903
350.254,344.1642,450.0013
350.4,344.5082,450.5129
350.546,344.8508,451.025
350.692,345.1918,451.5375
350.838,345.5314,452.0506
350.984,345.8695,452.5642
351.13,346.206,453.0783
351.276,346.5411,453.5929
351.422,346.8746,454.108
351.568,347.2066,454.6236
351.714,347.5371,455.1397
351.86,347.866,455.6562
352.006,348.1934,456.1733
352.152,348.5193,456.6908
352.298,348.8435,457.2089
352.444,349.1663,457.7274
352.59,349.4874,458.2463
352.736,349.807,458.7658
352.882,350.125,459.2857
353.028,350.4414,459.8061
353.174,350.7562,460.327
353.32,351.0694,460.8483
353.466,351.381,461.3701
353.612,351.691,461.8924
353.758,351.9994,462.4151
353.904,352.3061,462.9383
354.05,352.6112,463.4619
354.196,352.9147,463.986
354.342,353.2165,464.5106
354.488,353.5167,465.0355
354.634,353.8153,465.561
354.78,354.1122,466.0868
354.926,354.4074,466.6132
355.072,354.7009,467.1399
355.218,354.9928,467.6671
355.364,355.283,468.1947
355.51,355.5715,468.7227
355.656,355.8583,469.2512
355.802,356.1434,469.7801
355.948,356.4268,470.3094
356.094,356.7086,470.8392
356.24,356.9885,471.3693
356.386,357.2668,471.8999
356.532,357.5434,472.4309
356.678,357.8182,472.9623
356.824,358.0913,473.4941
356.97,358.3626,474.0263
357.116,358.6322,474.5589
357.262,358.9001,475.0919
357.408,359.1662,475.6253
357.554,359.4305,476.1591
357.7,359.6931,476.6933
357.846,359.9539,477.2279
357.992,360.213,477.7628
358.138,360.4702,478.2982
358.284,360.7257,478.8339
358.43,360.9794,479.37
358.576,361.2313,479.9065
358.722,361.4814,480.4433
358.868,361.7296,480.9805
359.014,361.9761,481.5181
359.16,362.2208,482.0561
359.306,362.4637,482.5944
359.452,362.7047,483.1331
359.598,362.9439,483.6721
359.744,363.1813,484.2115
359.89,363.4169,484.7513
360.036,363.6506,485.2913
360.182,363.8824,485.8318
360.328,364.1125,486.3726
360.474,364.3406,486.9137
360.62,364.567,487.4551
360.766,364.7914,487.9969
360.912,365.014,488.539
361.058,365.2348,489.0815
361.204,365.4537,489.6243
361.35,365.6707,490.1674
361.496,365.8858,490.7108
361.642,366.099,491.2545
361.788,366.3104,491.7986
361.934,366.5198,492.343
362.08,366.7274,492.8876
362.226,366.9331,493.4326
362.372,367.1369,493.9779
362.518,367.3387,494.5235
362.664,367.5387,495.0694
362.81,367.7368,495.6156
362.956,367.9329,496.1621
363.102,368.1272,496.7088
363.248,368.3195,497.2559
363.394,368.5099,497.8032
363.54,368.6983,498.3508
363.686,368.8849,498.8987
363.832,369.0695,499.4469
363.978,369.2521,499.9954
364.124,369.4329,500.5441
364.27,369.6117,501.0931
364.416,369.7885,501.6423
364.562,369.9634,502.1918
364.708,370.1364,502.7416
364.854,370.3074,503.2916
365,370.4764,503.8419
